Amazon-url:,ISBN/EAN:,Results,Price,Condition:,(Estimated) delivery-time:,Delivery-cost:,AMZ or Partner:,ASIN:,ISBN-13:,ISBN-10:
https://www.amazon.de/s?k=9781534648067&language=de_DE, 9781534648067,0 results,,,,
https://www.amazon.de/MICHELIN-France-2015-Restaurants-Hotelf%C3%BChrer/dp/2067197258/ref=sr_1_1?keywords=9782067197251&qid=1645397515&sr=8-1&language=de_DE, 9782067197251,1 Ergebnis,,,,,Partner,,,
https://www.amazon.de/s?k=9781534650251&language=de_DE, 9781534650251,0 results,,,,
https://www.amazon.de/Zagat-2009-Americas-Restaurants-Guides/dp/160478007X/ref=sr_1_1?keywords=9781604780079&qid=1645397519&sr=8-1&language=de_DE, 9781604780079,1 Ergebnis,,,,,Partner,,,
https://www.amazon.de/Cafe-Life-Venice-Guidebook-Serenissima/dp/1566567181/ref=sr_1_1?keywords=9781566567183&qid=1645397523&sr=8-1&language=de_DE, 9781566567183,1 Ergebnis,,,,,Partner,,,
https://www.amazon.de/s?k=9780866365871&language=de_DE, 9780866365871,0 results,,,,
https://www.amazon.de/Chicagos-Best-Restaurants-Sherman-Kaplan/dp/094062561X/ref=sr_1_1?keywords=9780940625945&qid=1645397522&sr=8-1&language=de_DE, 9780940625945,1 Ergebnis,,,,,Partner,,,
https://www.amazon.de/Waiter-Day-Notebook-Journal-15-24x22-86/dp/1075395232/ref=sr_1_1?keywords=9781075395239&qid=1645397537&sr=8-1&language=de_DE, 9781075395239,1 Ergebnis,6.41,Neu,"Donnerstag, 10. März","13,02 ",AMZ,,,
https://www.amazon.de/Toronto-Enthusiasts-Complete-Restaurant-Guide/dp/1640227946/ref=sr_1_1?keywords=9781640227941&qid=1645397544&sr=8-1&language=de_DE, 9781640227941,1 Ergebnis,,,,,Partner,,,
https://www.amazon.de/s?k=9781534648661&language=de_DE, 9781534648661,0 results,,,,
https://www.amazon.de/Mid-Cheshire-Pubs-Images-England-Curzon/dp/0752438522/ref=sr_1_1?keywords=9780752438528&qid=1645397552&sr=8-1&language=de_DE, 9780752438528,1 Ergebnis,,,,,Partner,,,
https://www.amazon.de/Complete-Guide-Orpen-Press-Guides/dp/1786050706/ref=sr_1_1?keywords=9781786050700&qid=1645397547&sr=8-1&language=de_DE, 9781786050700,1 Ergebnis,,,,,Partner,,,
https://www.amazon.de/Four-Seas-Ice-Cream-Favorite/dp/1609495284/ref=sr_1_1?keywords=9781609495282&qid=1645397558&sr=8-1&language=de_DE, 9781609495282,1 Ergebnis,,,,,Partner,,,
https://www.amazon.de/Southern-India-Guide-George-Michell/dp/0713641584/ref=sr_1_1?keywords=9780713641585&qid=1645397560&sr=8-1&language=de_DE, 9780713641585,1 Ergebnis,,,,,Partner,,,
https://www.amazon.de/Food-Lovers-Guide-Seattle-Specialties/dp/0762770171/ref=sr_1_1?keywords=9780762770175&qid=1645397565&sr=8-1&language=de_DE, 9780762770175,1 Ergebnis,,,,,Partner,,,
https://www.amazon.de/Its-Rum-OClock-Blank-Journal/dp/179438233X/ref=sr_1_1?keywords=9781794382336&qid=1645397568&sr=8-1&language=de_DE, 9781794382336,1 Ergebnis,,,,,Partner,,,
https://www.amazon.de/Happy-Place-Lexington-Lynette-Cullen/dp/179273073X/ref=sr_1_1?keywords=9781792730733&qid=1645397569&sr=8-1&language=de_DE, 9781792730733,1 Ergebnis,,,,,Partner,,,
https://www.amazon.de/Iconic-Restaurants-Images-America-English-ebook/dp/B01L7XUZ1M/ref=sr_1_1?keywords=9781467117333&qid=1645397570&sr=8-1&language=de_DE, 9781467117333,1 Ergebnis,,,,,Partner,,,
https://www.amazon.de/All-you-can-eat-Nederland/dp/902159658X/ref=sr_1_1?keywords=9789021596587&qid=1645397573&sr=8-1&language=de_DE, 9789021596587,1 Ergebnis,,,,,Partner,,,
https://www.amazon.de/Historic-Restaurants-Paris-Century-Old-Bistros/dp/1892145030/ref=sr_1_1?keywords=9781892145031&qid=1645397571&sr=8-1&language=de_DE, 9781892145031,1 Ergebnis,,,,,Partner,,,
https://www.amazon.de/Las-Vegas-Delaplaine-Weekend-Guide/dp/1640226397/ref=sr_1_1?keywords=9781640226395&qid=1645397575&sr=8-1&language=de_DE, 9781640226395,1 Ergebnis,,,,,Partner,,,
https://www.amazon.de/s?k=9781641873048&language=de_DE, 9781641873048,0 results,,,,
https://www.amazon.de/Eating-Las-Vegas-2019-Restaurants/dp/1944877282/ref=sr_1_1?keywords=9781944877286&qid=1645397588&sr=8-1&language=de_DE, 9781944877286,1 Ergebnis,,,,,Partner,,,
https://www.amazon.de/Buenos-Aires-Enthusiasts-Complete-Restaurant/dp/1640227288/ref=sr_1_1?keywords=9781640227286&qid=1645397585&sr=8-1&language=de_DE, 9781640227286,1 Ergebnis,,,,,Partner,,,
https://www.amazon.de/Rio-Janeiro-Enthusiasts-Complete-Restaurant/dp/164022064X/ref=sr_1_1?keywords=9781640220645&qid=1645397593&sr=8-1&language=de_DE, 9781640220645,1 Ergebnis,,,,,Partner,,,
https://www.amazon.de/Philadelphia-Enthusiasts-Complete-Restaurant-Guide/dp/1641872101/ref=sr_1_1?keywords=9781641872102&qid=1645397596&sr=8-1&language=de_DE, 9781641872102,1 Ergebnis,,,,,Partner,,,
https://www.amazon.de/Nordic-Countries-Michelin-Guides-National/dp/2067215027/ref=sr_1_1?keywords=9782067215023&qid=1645397604&sr=8-1&language=de_DE, 9782067215023,1 Ergebnis,,,,,Partner,,,
https://www.amazon.de/Centennial-Celebration-Bright-Star-Restaurant/dp/0817315985/ref=sr_1_1?keywords=9780817315986&qid=1645397608&sr=8-1&language=de_DE, 9780817315986,1 Ergebnis,,,,,Partner,,,
https://www.amazon.de/Compact-Wales-Myrddin-ap-Dafydd/dp/1845242572/ref=sr_1_1?keywords=9781845242572&qid=1645397609&sr=8-1&language=de_DE, 9781845242572,1 Ergebnis,,,,,Partner,,,
https://www.amazon.de/Rhodos-Hoogtepunten-Wat-Hoe-Reisgids/dp/9021570513/ref=sr_1_1?keywords=9789021570518&qid=1645397605&sr=8-1&language=de_DE, 9789021570518,1 Ergebnis,,,,,Partner,,,
https://www.amazon.de/s?k=9781492996507&language=de_DE, 9781492996507,0 results,,,,
https://www.amazon.de/Yes-Waiter-But-Cant-Stupid/dp/1075395259/ref=sr_1_1?keywords=9781075395253&qid=1645397612&sr=8-1&language=de_DE, 9781075395253,1 Ergebnis,,,,,Partner,,,
https://www.amazon.de/Classic-Diners-Hampshire-America-Through/dp/1625450737/ref=sr_1_1?keywords=9781625450739&qid=1645397622&sr=8-1&language=de_DE, 9781625450739,1 Ergebnis,,,,,Partner,,,
https://www.amazon.de/Florence-Enthusiasts-Complete-Restaurant-Guide/dp/1641872217/ref=sr_1_1?keywords=9781641872218&qid=1645397632&sr=8-1&language=de_DE, 9781641872218,1 Ergebnis,,,,,Partner,,,
https://www.amazon.de/Bordens-Best-Restaurants-Europe-2010/dp/1439261571/ref=sr_1_1?keywords=9781439261576&qid=1645397638&sr=8-1&language=de_DE, 9781439261576,1 Ergebnis,,,,,Partner,,,
https://www.amazon.de/Philadelphia-Enthusiasts-Complete-Restaurant-Guide/dp/1640220607/ref=sr_1_1?keywords=9781640220607&qid=1645397641&sr=8-1&language=de_DE, 9781640220607,1 Ergebnis,,,,,Partner,,,
https://www.amazon.de/places-eat-LONDON-Tagore-Ramoutar/dp/1907837132/ref=sr_1_1?keywords=9781907837135&qid=1645397633&sr=8-1&language=de_DE, 9781907837135,1 Ergebnis,,,,,Partner,,,
